{
  "NTProvider": {
    "types": {
      "/FMSInfo": "FMSInfo",
      "/Shuffleboard/RobotContainer/field": "Field2d",
      "/SmartDashboard/InstantCommand": "Command"
    },
    "windows": {
      "/Shuffleboard/RobotContainer/field": {
        "Turret": {
          "arrowColor": [
            232.4050750732422,
            255.0,
            0.0,
            255.0
          ],
          "color": [
            0.7088607549667358,
            0.27516958117485046,
            0.27516958117485046,
            255.0
          ],
          "length": 0.4000000059604645,
          "width": 0.30000001192092896
        },
        "camera": {
          "arrows": false,
          "color": [
            0.8987341523170471,
            0.8304758667945862,
            0.8304758667945862,
            255.0
          ],
          "length": 0.20000000298023224,
          "width": 0.20000000298023224
        },
        "targetRing": {
          "arrows": false,
          "length": 0.009999999776482582,
          "width": 0.009999999776482582
        },
        "window": {
          "visible": true
        }
      }
    }
  },
  "NetworkTables": {
    "Shuffleboard": {
      "TurretS": {
        "open": true
      },
      "open": true
    },
    "SmartDashboard": {
      "open": true
    }
  },
  "Plot": {
    "Plot <0>": {
      "plots": [
        {
          "axis": [
            {
              "autoFit": true
            }
          ],
          "height": 216,
          "series": [
            {
              "color": [
                0.2980392277240753,
                0.44705885648727417,
                0.6901960968971252,
                1.0
              ],
              "id": "NT:/Shuffleboard/TurretS/turretPosition"
            }
          ]
        }
      ]
    }
  }
}
